{"cameraMode":{"drawMode":0,"name":"Shaded","section":"Shading Mode"},"sceneLighting":false,"audioPlay":false,"sceneViewState":{"m_AlwaysRefresh":false,"showFog":true,"showSkybox":false,"showFlares":true,"showImageEffects":true,"showParticleSystems":true,"showVisualEffectGraphs":true,"m_FxEnabled":true},"in2DMode":false,"pivot":{"x":-0.0459132194519043,"y":4.447963237762451,"z":-0.007954120635986328},"rotation":{"x":0.35630032420158389,"y":-0.029988110065460206,"z":0.011440920643508435,"w":0.9338257312774658},"size":8.783480644226075,"orthographic":false}