{"cameraMode":{"drawMode":0,"name":"Shaded","section":"Shading Mode"},"sceneLighting":false,"audioPlay":false,"sceneViewState":{"m_AlwaysRefresh":false,"showFog":true,"showSkybox":false,"showFlares":true,"showImageEffects":true,"showParticleSystems":true,"showVisualEffectGraphs":true,"m_FxEnabled":true},"in2DMode":false,"pivot":{"x":0.44477415084838869,"y":3.5773067474365236,"z":-0.10938644409179688},"rotation":{"x":0.35630032420158389,"y":-0.029988110065460206,"z":0.011440920643508435,"w":0.9338257312774658},"size":5.5959649085998539,"orthographic":false}