{"cameraMode":{"drawMode":0,"name":"Shaded","section":"Shading Mode"},"sceneLighting":true,"audioPlay":false,"sceneViewState":{"m_AlwaysRefresh":false,"showFog":true,"showSkybox":true,"showFlares":true,"showImageEffects":true,"showParticleSystems":true,"showVisualEffectGraphs":true,"m_FxEnabled":true},"in2DMode":false,"pivot":{"x":12.974851608276368,"y":13.408400535583496,"z":109.93244171142578},"rotation":{"x":0.0019637004006654026,"y":0.9723035097122192,"z":-0.008165806531906128,"w":0.2336115688085556},"size":23.97307014465332,"orthographic":false}