{"cameraMode":{"drawMode":0,"name":"Shaded","section":"Shading Mode"},"sceneLighting":true,"audioPlay":false,"sceneViewState":{"m_AlwaysRefresh":false,"showFog":true,"showSkybox":true,"showFlares":true,"showImageEffects":true,"showParticleSystems":true,"showVisualEffectGraphs":true,"m_FxEnabled":true},"in2DMode":false,"pivot":{"x":1443.604248046875,"y":108.73506164550781,"z":14.67232894897461},"rotation":{"x":0.08821374922990799,"y":0.19093020260334016,"z":-0.017227381467819215,"w":0.977493941783905},"size":28.52184295654297,"orthographic":false}