{"cameraMode":{"drawMode":0,"name":"Shaded","section":"Shading Mode"},"sceneLighting":false,"audioPlay":false,"sceneViewState":{"m_AlwaysRefresh":false,"showFog":true,"showSkybox":false,"showFlares":true,"showImageEffects":true,"showParticleSystems":true,"showVisualEffectGraphs":true,"m_FxEnabled":true},"in2DMode":false,"pivot":{"x":0.012651920318603516,"y":4.0446343421936039,"z":0.036493778228759769},"rotation":{"x":0.35630032420158389,"y":-0.029988110065460206,"z":0.011440920643508435,"w":0.9338257312774658},"size":8.521703720092774,"orthographic":false}